欄位代號,欄位名稱,定義,單位／格式,對應步驟,誰填
A,預測編號,ISO 週-代號-H期間，例 2026-W41-SPY-H10；整個帳本唯一，同一週重跑不重複建,文字,B-1,系統
B,來源,固定為「即時」（建立當週當下產生的預測）；回測補登的列不放進這份 CSV，保留此欄方便未來擴充,文字,B-2,系統
C,建立日期,這一批的建立日（台北時間）,YYYY-MM-DD,B-1,系統
D,模型版本,模型版本；規則改動就升版，舊版封存在 data/forecast/archive/,文字,—,系統
E,期間層級,短線＝5、10 日；中線＝21、63 日；長線＝126、252 日,文字,B-1,系統
F,期間（交易日）,預測期間，單位是該標的自己的交易日（不是日曆日）,整數,B-1,系統
G,期間（約略）,5→1週、10→2週、21→1個月、63→3個月、126→6個月、252→12個月（約略，供閱讀）,文字,B-1,系統
H,資產,資產名稱（22 個資產之一）,文字,—,系統
I,代號（預測用）,Yahoo Finance 代號，預測與查價都用這個,文字,—,系統
J,台股可買,台灣可買的對應標的；「無」＝沒有對應,文字,—,系統
K,起始日,起始日＝建立日（含）以前該標的最後一筆收盤的日期；S1～S6 的數字只用到這天（含）為止的資料,YYYY-MM-DD,S0-2,系統
L,起始收盤（未還原，查價用）,起始日當天的未還原收盤（Yahoo 歷史頁的 Close：只調整分割，不調整配息），人工查價與計算實際報酬的分母（試算表 L）。TWD=X 沒有配息，與 M 相同,價格，最多 4 位小數,S0,系統
M,起始收盤（還原權息，模型用）,起始日當天的還原權息收盤（Yahoo Adj Close，寫入當時的值），模型用。之後除息時 Yahoo 會把歷史價往下調，帳本不回頭改,價格，最多 4 位小數,S0,系統
N,預計到期日,起始日往後數 F 個工作日（週一～週五，未扣休市）估的到期日，只供查價參考；系統對答案用實際第 F 根收盤,YYYY-MM-DD,B-1,系統
O,查價網址,Yahoo Finance 該代號的歷史價格頁，人工查到期收盤用,URL,—,系統
P,S0 歷史交易日數,到起始日（含）為止的有效收盤筆數；需 ≥ 1000,整數（交易日）,S0-1,系統
Q,S0 資料落後天數,建立日 − 起始日；需 ≤ 7,整數（日曆天）,S0-2,系統
R,S0 結果,通過／跳過；跳過時 AO 也是跳過，S1～S6 欄位留空（起始日、收盤等已知值仍填）,文字：通過／跳過,S0,系統
S,S1 20日波動（年化%）,最近 20 筆還原收盤的日對數報酬標準差 ×√252 ×100,%，2 位小數,S1-1,系統
T,S1 門檻低中（年化%）,到起始日（含）為止所有 20 日年化波動的第 1/3 分位數（低／中分界）,%，2 位小數,S1-2,系統
U,S1 門檻中高（年化%）,同上的第 2/3 分位數（中／高分界）,%，2 位小數,S1-2,系統
V,S1 波動分位（0～100）,歷史上 20 日年化波動小於目前值的比例×100,0～100，2 位小數,S1-2,系統
W,S1 波動狀態,S 欄 < T 欄 → 低；T 欄 ≤ S 欄 < U 欄 → 中；S 欄 ≥ U 欄 → 高,文字：低／中／高,S1-2,系統
X,S2 50日均線（還原價）,最近 50 筆還原收盤平均,價格，最多 4 位小數,S2-1,系統
Y,S2 200日均線（還原價）,最近 200 筆還原收盤平均,價格，最多 4 位小數,S2-1,系統
Z,S2 收盤相對200日線%,(M÷Y−1)×100,%，2 位小數,S2-1,系統
AA,S2 趨勢狀態,M>Y 且 X>Y → 多頭；兩者都<→ 空頭；其餘盤整。只記錄、不參與預測,文字：多頭／空頭／盤整,S2-1,系統
AB,S3 20日報酬%,(今日還原收盤÷20 筆前還原收盤−1)×100,%，2 位小數,S3-1,系統
AC,S3 動能分位（0～100）,歷史上 20 日報酬小於目前值的比例×100,0～100，2 位小數,S3-1,系統
AD,S3 動能狀態,AC<33.33 → 弱；>66.67 → 強；其餘中。只記錄、不參與預測,文字：弱／中／強,S3-1,系統
AE,S4 VIX,起始日（含）以前最後一筆 ^VIX 收盤；超過 7 天前視為無資料（留空）。只記錄,數字，2 位小數,S4-1,系統
AF,S4 VIX分位（0～100）,1990 年起到該日為止的 VIX 收盤中小於目前值的比例×100,0～100，2 位小數,S4-1,系統
AG,S5 查表樣本,S5 查表用的樣本：同波動三分位的歷史；若同波動獨立段數 < 15 就改用全部歷史,文字：同波動／全部歷史,S5-2、S5-3,系統
AH,S5 樣本數（日）,查表樣本的日數（每個起點算一個樣本）,整數,S5-2,系統
AI,S5 獨立段數（樣本數÷期間）,AH÷F，取整數；< 15 代表樣本太少、可信度低,整數,S5-3,系統
AJ,S5 預測漲跌%（中位數）,查表樣本的 F 日報酬中位數（預測漲跌）,%，2 位小數,S5-4,系統
AK,S5 區間下緣%（p25）,樣本報酬的 p25（區間下緣）,%，2 位小數,S5-4,系統
AL,S5 區間上緣%（p75）,樣本報酬的 p75（區間上緣）,%，2 位小數,S5-4,系統
AM,S5 歷史上漲機率%,樣本中報酬>0 的比例×100,%，2 位小數,S5-4,系統
AN,S6 判定規則,本列使用的方向規則：≥55% 偏漲；≤45% 偏跌；其餘不確定,文字,S6-1,系統
AO,S6 方向判定,AM≥55 → 偏漲；≤45 → 偏跌；其餘不確定；資料不合格 → 跳過。主要反映長期傾向，不是當下訊號,文字：偏漲／偏跌／不確定／跳過,S6-1,系統
AP,回測判定次數,走步回測中，到期日 ≤ 起始日的偏漲／偏跌決策數（回測方向命中、永遠猜漲、多數方向的分母）,整數,S7-1,系統
AQ,回測方向命中%,這些決策的方向命中率,%，2 位小數,S7-1,系統
AR,回測永遠猜漲%,這些決策中實際報酬>0 的比例（永遠猜漲會對的比例）,%，2 位小數,S7-1,系統
AS,回測多數方向%,"max(AR, 100−AR)＝永遠猜多數方向的命中率；比較方向命中時的基準",%，2 位小數,S7-1,系統
AT,回測落在區間%,所有回測決策（含不確定）的實際報酬落在 p25～p75 的比例；理想約 50%,%，2 位小數,S7-1,系統
AU,月度沙盤推演同期間期望超額%,月度沙盤推演同期間（63→3 個月、126→6、252→12）的期望超額；只有這三個期間的即時列才有，對不上資產留空,%，2 位小數,M-1,系統
AV,月度沙盤推演同期間回測判定,該月度模型的走步回測判定（例 時好時壞、樣本外無效）；同上只有 63／126／252,文字,M-1,系統
AW,狀態代碼,機器可讀，以「|」分隔的 鍵=值：VOL（W）|TREND（AA）|MOM（AD）|VIXQ（由 AF 三等分：<33.33→0、>66.67→2、其餘 1；無資料 NA）|SAMPLE（AG）|CALL（AO）。跳過的列只有 S0=跳過|CALL=跳過,文字，例 VOL=中|TREND=多頭|MOM=強|VIXQ=2|SAMPLE=同波動|CALL=偏漲,彙總,系統
AX,判斷流程,S0→S6 走過的狀態與數值，一行,文字,S0～S6,系統
AY,判斷原因,白話的判斷原因，含回測與基準的比較（對照多數方向）與可信度提醒,文字,S0～S7,系統
AZ,到期收盤（未還原，手填）,起始日後第 F 個交易日（N 欄只是估計；遇休市以實際第 F 個交易日為準）的未還原收盤，從 O 欄網址或券商查,價格（未還原）,V-1,手填
BA,期間內每股配息（選填，未還原價口徑；不知道就留空）,起始日之後到到期日（含）之間，每股實際配發的現金股利合計（未還原價口徑）；不知道就留空（留空視為 0，含息報酬會偏低）,價格,V-1,手填
BB,查價來源（手填，例 Yahoo／券商）,AZ 的查價來源，例 Yahoo／券商,文字,V-1,手填
BC,驗證人（手填）,驗證人,文字,V-1,手填
BD,驗證日期（手填）,驗證日期,YYYY-MM-DD,V-1,手填
BE,備註（手填）,備註,文字,V-1,手填
BF,實際漲跌%（含配息）,"實際漲跌（含配息）＝(AZ+BA)÷L×100−100，AZ 空白則空白。公式（放 BF2，勿手動輸入）：=ARRAYFORMULA(IF((AZ2:AZ20000="""")+(L2:L20000="""")>0,"""",(AZ2:AZ20000+BA2:BA20000)/L2:L20000*100-100))",%，2 位小數,V-1,公式
BG,落在區間,"BF 在 AK～AL 之間（含邊界）→ 是，否則 否。公式（放 BG2）：=ARRAYFORMULA(IF((BF2:BF20000="""")+(AK2:AK20000="""")+(AL2:AL20000="""")>0,"""",IF((BF2:BF20000>=AK2:AK20000)*(BF2:BF20000<=AL2:AL20000),""是"",""否"")))",文字：是／否,V-1,公式
BH,方向對錯,"AO 偏漲且 BF>0 或 偏跌且 BF<0 → 對；相反 → 錯；不確定／跳過 → 不判。公式（放 BH2）：=ARRAYFORMULA(IF(BF2:BF20000="""","""",IF(AO2:AO20000=""偏漲"",IF(BF2:BF20000>0,""對"",""錯""),IF(AO2:AO20000=""偏跌"",IF(BF2:BF20000<0,""對"",""錯""),""不判""))))",文字：對／錯／不判,V-1,公式
BI,預測誤差（百分點）,"預測誤差＝BF−AJ（實際減預測中位數）。公式（放 BI2）：=ARRAYFORMULA(IF((BF2:BF20000="""")+(AJ2:AJ20000="""")>0,"""",BF2:BF20000-AJ2:AJ20000))",百分點，2 位小數,V-1,公式
