規則代碼,步驟,名稱,定義,門檻或參數,是否參與預測,輸出到哪一欄,研究依據,模型版本
S0-1,S0,歷史長度,n＝到起始日（含）為止該代號的有效收盤筆數（交易日）；n ≥ 門檻才往下做，否則 R 欄＝跳過、不出預測,n ≥ 1000（交易日）,是（把關：不合格就不出預測）,P、R,設計值，不是研究結果：1000 個交易日約 4 年，讓波動三分位門檻與查表至少有 4 年資料可用,v2
S0-2,S0,資料新鮮度,Q 欄＝建立日期 − 起始日（日曆天）；起始日＝建立日（含）以前最後一筆收盤的日期；Q ≤ 門檻才往下做，否則跳過,Q ≤ 7（日曆天）,是（把關：不合格就不出預測）,K、Q、R,設計值：7 天涵蓋週末加連假，超過代表資料源停更,v2
S1-1,S1,波動定義,S 欄＝最近 20 筆還原收盤的日對數報酬（ln(今日收盤÷前日收盤)）的母體標準差（分母 20）×√252 ×100，四捨五入到 2 位（年化%）；之後的分群、分位、狀態一律用這個 2 位數,窗口 20 日；年化係數 √252,是（決定查哪個波動狀態的歷史樣本）,S、V,v1 研究（2008 起每週走步、22 資產、5／10／21 日）：同波動三分位的 p25–p75 區間實際落入率 48～52%，是唯一站得住的部分,v2
S1-2,S1,三分位門檻,T、U 欄＝到起始日（含）為止所有 S 值（從第 21 筆起）的 1/3 與 2/3 分位數（線性內插，numpy 預設），四捨五入到 2 位。W 欄：S<T＝低；T≤S<U＝中；S≥U＝高（都是欄位上的值）。V 欄＝這些 S 值中小於目前 S 的比例×100（0～100，2 位）,分位 33.33%／66.67%,是,T、U、V、W,v1 研究（2008 起每週走步、22 資產、5／10／21 日）：同波動三分位的 p25–p75 區間實際落入率 48～52%，是唯一站得住的部分,v2
S2-1,S2,趨勢定義,M 欄＝起始收盤（還原權息）；X 欄＝最近 50 筆還原收盤平均，Y 欄＝最近 200 筆平均（X、Y 取 4 位小數）；Z 欄＝(M÷Y−1)×100（2 位）。AA 欄：M>Y 且 X>Y＝多頭；M<Y 且 X<Y＝空頭；其餘＝盤整（用欄位上的值比較）,均線 50 日、200 日,否（只記錄）,X、Y、Z、AA,v1 研究（2008 起、22 資產）：趨勢／動能／離年線／短期反轉／VIX 對『比平常強或弱』的多空命中都約 50%，IC≈0，所以只記錄、不參與預測,v2
S3-1,S3,動能定義,AB 欄＝(今日還原收盤÷20 筆前還原收盤−1)×100（2 位）。AC 欄＝到起始日（含）為止所有 20 日報酬（從第 21 筆起）中小於今日值的比例×100（2 位）。AD 欄：AC<33.33＝弱；AC>66.67＝強；其餘＝中,窗口 20 日；分位 33.33／66.67,否（只記錄）,AB、AC、AD,v1 研究（2008 起、22 資產）：趨勢／動能／離年線／短期反轉／VIX 對『比平常強或弱』的多空命中都約 50%，IC≈0，所以只記錄、不參與預測,v2
S4-1,S4,VIX 分位,AE 欄＝起始日（含）以前最後一筆 ^VIX 收盤（超過 7 天前視為無資料，留空）。AF 欄＝1990 年起到該日為止的 VIX 收盤中小於 AE 的比例×100（2 位）。AW 欄裡的 VIXQ：AF<33.33＝0；AF>66.67＝2；其餘＝1；無資料＝NA,分位 33.33／66.67,否（只記錄）,AE、AF、AW,v1 研究（2008 起、22 資產）：趨勢／動能／離年線／短期反轉／VIX 對『比平常強或弱』的多空命中都約 50%，IC≈0，所以只記錄、不參與預測,v2
S5-1,S5,不偷看規則,S1～S6 與回測的每個數字只用起始日（含）以前的資料；查表樣本的到期日（樣本起點＋期間 F 個交易日）必須 ≤ 起始日；走步回測只算到期日 ≤ 起始日的決策；補登列再多一層：只用建立日前一天（週日）以前的資料,樣本到期日 ≤ 起始日,是（約束所有步驟）,S～AT,selftest：把起始日之後的資料截掉或換成亂數，六個期間的整列 A～AY 都必須逐字相同,v2
S5-2,S5,同波動樣本,樣本＝起始日以前每個起點 t（t＋F 的收盤在起始日或之前）中，t 當天的波動狀態（用同一組 T、U）等於目前波動狀態者；每個樣本取 F（期間）個交易日的還原價報酬 c[t+F]÷c[t]−1。AG 欄＝同波動；AH 欄＝樣本數（日）,同一波動三分位,是,AG、AH、AI,v1 研究（2008 起每週走步、22 資產、5／10／21 日）：同波動三分位的 p25–p75 區間實際落入率 48～52%，是唯一站得住的部分,v2
S5-3,S5,樣本不足改用全部歷史,AI 欄＝AH÷F（取整數，獨立段數）。同波動樣本的 AI<門檻 → 改用全部歷史（所有起點，AG 欄＝全部歷史）；全部歷史的 AI 也<門檻時照樣輸出，但判斷原因（AY）與網頁會註明可信度很低,獨立段數 < 15,是,AG、AH、AI、AY,設計值（v1 沿用）：期間越長獨立段數越少，63／126／252 日常常只剩個位數段，區間與機率只能當粗略參考,v2
S5-4,S5,預測值與區間,AJ 欄＝樣本報酬的中位數；AK 欄＝p25；AL 欄＝p75（分位數用線性內插，numpy 預設）；AM 欄＝樣本中報酬>0 的比例×100；都四捨五入到 2 位（單位 %）,p25、p50、p75；報酬>0,是,AJ、AK、AL、AM,5／10／21 日：p25–p75 實際落入率 48～52%（v1 研究）。63／126／252 日是 v2 新增，2026-10-10 走步回測（22 資產、2008 起）合併落入率 63 日 51.0%、126 日 50.7%、252 日 50.0%，但這三個期間逐年落入率差可達三成以上（約 24%～69%）、個別資產可低到 32%——平均接近 50%，單一批次不一定；最新數字見 AT 欄與網頁回測合併成績,v2
S6-1,S6,方向規則,AO 欄：AM ≥ 上限 → 偏漲；AM ≤ 下限 → 偏跌；其餘 → 不確定（用欄位上的 2 位數比較）。AN 欄逐列寫出這條規則,55／45（%）,是,AN、AO,v1 研究：方向命中 55～57% 只是資產本來偏漲，永遠猜漲一樣準，所以偏漲主要反映長期傾向，不是當下訊號,v2
S7-1,S7,走步回測（基準＝多數方向）,"2008-01-01 起，每個 ISO 週第一個交易日用同一套 S1～S6 做一次決策，到期後用實際報酬對答案；每一列只引用到期日 ≤ 起始日的決策。AP 欄＝偏漲／偏跌的決策數（AQ～AS 的分母）；AQ 欄＝方向命中率；AR 欄＝永遠猜漲（這些決策中實際>0 的比例）；AS 欄＝多數方向＝max(AR, 100−AR)；AT 欄＝實際落在 p25～p75 的比例（分母＝所有決策，含不確定）。比較基準用 AS，不用 AR","隨機誤差 ±1.96×√(0.25÷等效判定數)；等效判定數＝AP÷max(1, F÷5)",否（只是參考，不改預測）,AP～AT,偏跌資產贏『永遠猜漲』太容易，所以基準用多數方向（v1 修正）；每週決策的 F 日報酬互相重疊，期間越長等效獨立次數越少（252 日約為 AP÷50）。2026-10-10 合併回測：方向命中都沒有超過多數方向（5 日 57.1% 對 57.5%，252 日 66.0% 對 71.7%）,v2
B-1,批次,批次節奏（短中長線）,每個 ISO 週（台北時間）第一次執行時建一批。5、10 日每週建；21、63 日只在該週週一落在當月 1～7 日的那一週建（每月一次）；126、252 日只在這種週且月份為 1、4、7、10 時建（每季一次）。同一週重跑不重複建（預測編號＝ISO 週-代號-H期間）,期間 5、10、21、63、126、252（交易日）；週／月（週一 1～7 日）／季（月 1、4、7、10）,否,A、C、E、F、G,設計：長期間的相鄰樣本高度重疊，所以長期間每月／每季才建一列，避免用重疊樣本灌水,v2
B-2,批次,回測補登,帳本第一次建立時，往回補登 12 週（5、10 日）、12 個月（21、63 日）、8 季（126、252 日）；用當時（建立日前一天）的資料、同一套流程；補登列只在 ledger.json 與網頁，不進 forecast.csv,週 12、月 12、季 8,否,B（即時／回測補登）,補登是事後用同一套程式補算，只防得了資料偷看，防不了設計偷看，不能當成當時公布過的預測,v2
M-1,M,月度沙盤推演銜接,只有 63／126／252 日的即時列：AU 欄＝月度沙盤推演 3／6／12 個月的期望超額（ens_cal 優先，沒有用 ens；以資產 id 對應，對不上留空）；AV 欄＝該月度模型的走步回測判定（ensemble 優先，沒有用 ridge）,63→3 個月；126→6 個月；252→12 個月,否（並排放，不併入預測）,AU、AV,月度模型是否有效看沙盤推演頁的回測判定；這裡只並排放，不當作本帳本的依據,v2
E-1,對答案,系統自動對答案,不在 forecast.csv：起始日之後第 F 根收盤出現時，系統用同一份還原權息序列算實際漲跌%、是否落在 p25～p75、方向對錯，只記在 ledger.json 與網頁。第三方驗證請在試算表用 AZ～BI 人工查價，不看系統答案,實際漲跌% = c[起始+F]÷c[起始]−1,否,（ledger.json／網頁）,第三方驗證不能被系統答案影響，所以系統答案不進 CSV,v2
V-1,驗證,第三方驗證公式（試算表）,BF 欄＝(AZ+BA)÷L×100−100，不四捨五入、顯示 2 位小數（AZ 或 L 空白則空白；BA 空白視為 0）；BG 欄＝BF 在 AK～AL 之間（含邊界）→ 是，否則 否（BF、AK、AL 任一空白則空白）；BH 欄＝AO 偏漲且 BF>0 或 偏跌且 BF<0 → 對，偏漲且 BF≤0 或 偏跌且 BF≥0 → 錯，不確定／跳過 → 不判；BI 欄＝BF−AJ（百分點）。公式放每欄第 2 列，一格陣列公式，見 forecast_columns.csv,AZ 用未還原到期收盤；BA 補上期間內每股配息,否,BF、BG、BH、BI,與系統自動對答案同一套判斷；差別是價格由人從外部查，且含配息（系統用還原權息價，兩者可能差一點）,v2
